{
  "deviceId": "esp32_001",
  "readings": [
    {
      "timestamp": "2025-10-29T09:00:00Z",
      "voltage": 229.5,
      "current": 1.95,
      "power": 447.525,
      "energy": 0.12
    },
    {
      "timestamp": "2025-10-29T09:05:00Z",
      "voltage": 230.1,
      "current": 2.01,
      "power": 462.501,
      "energy": 0.15
    },
    {
      "timestamp": "2025-10-29T09:10:00Z",
      "voltage": 231.0,
      "current": 2.10,
      "power": 485.1,
      "energy": 0.19
    },
    {
      "timestamp": "2025-10-29T09:15:00Z",
      "voltage": 228.9,
      "current": 2.25,
      "power": 514.99,
      "energy": 0.22
    }
  ]
}

